type,dropout,middle layers,learning rate,4096.0 epochs
training,0.4,3,0.001,0.6066569430487496
validation,0.4,3,0.001,0.6064139860016959
